id,name,price,description
1,Volkswagen,75429.35,Robust system-worthy knowledge user
2,Subaru,25281.27,Re-contextualized bi-directional budgetary management
3,BMW,12645.69,Monitored didactic software
4,Buick,39485.42,Total 5th generation matrix
5,Mitsubishi,21399.36,Right-sized mobile methodology
6,Isuzu,89086.82,Front-line composite customer loyalty
7,Chrysler,81387.81,Organized object-oriented parallelism
8,Nissan,22343.56,Devolved solution-oriented core
9,Nissan,86771.93,Vision-oriented logistical approach
10,Mercedes-Benz,12334.67,Profit-focused eco-centric portal
11,Oldsmobile,48782.17,Inverse zero defect conglomeration
12,Buick,19802.05,Automated user-facing website
13,Geo,27203.01,Fully-configurable 3rd generation capability
14,Ford,60002.05,Assimilated mission-critical model
15,Honda,64498.57,Exclusive full-range workforce
16,Mercedes-Benz,89033.83,Front-line impactful database
17,Mitsubishi,65237.87,Managed 3rd generation focus group
18,Ford,60253.02,Triple-buffered full-range info-mediaries
19,Mercury,91603.3,Implemented demand-driven pricing structure
20,Ford,15942.35,Multi-channelled homogeneous parallelism
21,Ferrari,72907.32,Multi-tiered solution-oriented database
22,GMC,41342.82,Inverse modular interface
23,Hyundai,19176.19,Upgradable context-sensitive model
24,Saab,65432.32,Pre-emptive bi-directional intranet
25,Scion,93934.86,Seamless coherent data-warehouse
26,Volvo,47038.52,Reduced hybrid artificial intelligence
27,Maybach,90030.87,Advanced 6th generation projection
28,Land Rover,63940.84,Function-based systematic utilisation
29,Saturn,43381.47,Integrated encompassing capacity
30,Kia,64396.68,Up-sized multi-tasking support
31,Plymouth,75919.32,Progressive web-enabled migration
32,Subaru,46271.51,Horizontal encompassing architecture
33,Ford,6825.24,Phased well-modulated budgetary management
34,Lexus,75714.31,Enterprise-wide 4th generation toolset
35,Chrysler,82540.56,Versatile composite emulation
36,Toyota,53174.29,Reverse-engineered bifurcated data-warehouse
37,Volvo,73323.79,Horizontal client-driven parallelism
38,Mercedes-Benz,53179.37,Grass-roots 4th generation alliance
39,Saturn,70038.54,Exclusive modular attitude
40,GMC,47962.06,Cross-group local collaboration
41,Mitsubishi,71691.08,Front-line contextually-based paradigm
42,Toyota,76336.8,User-centric value-added portal
43,Buick,18059.82,Customer-focused actuating encoding
44,Ford,58679.61,Digitized leading edge throughput
45,Chevrolet,97328.44,Mandatory executive pricing structure
46,Mazda,77268.26,Fundamental neutral project
47,Subaru,34587.57,Diverse 6th generation instruction set
48,Audi,5434.5,Versatile next generation projection
49,Porsche,23389.8,Synergized multimedia array
50,Pontiac,28929.76,Programmable optimizing matrices
51,Lincoln,5767.19,Centralized responsive forecast
52,Dodge,61433.31,Fundamental full-range project
53,Morgan,49175.21,Multi-channelled bandwidth-monitored knowledge user
54,Suzuki,77039.2,Profound 3rd generation time-frame
55,Ford,58852.15,Reactive stable alliance
56,Mercedes-Benz,24209.51,Secured 24/7 strategy
57,Lexus,94623.88,Down-sized logistical matrices
58,Plymouth,69728.48,Enhanced eco-centric moderator
59,Toyota,96440.46,Customer-focused actuating software
60,Nissan,98354.78,Versatile zero tolerance matrix
61,Nissan,25567.44,Realigned fault-tolerant product
62,Volkswagen,68611.99,Multi-layered directional migration
63,Suzuki,44519.42,Multi-lateral attitude-oriented open system
64,Buick,21484.63,Face to face real-time hub
65,Mercury,23339.23,Face to face explicit capability
66,Toyota,33506.2,Stand-alone multi-tasking definition
67,Mitsubishi,68469.71,Distributed clear-thinking solution
68,Pontiac,57152.95,Sharable encompassing adapter
69,Chrysler,41939.22,Right-sized web-enabled moderator
70,BMW,26284.26,Right-sized heuristic emulation
71,GMC,8742.48,Robust bottom-line concept
72,Dodge,8741.25,User-centric context-sensitive throughput
73,Chrysler,41526.85,Profit-focused optimal intranet
74,Ram,29324.49,Secured solution-oriented middleware
75,Suzuki,17162.91,Decentralized zero defect hub
76,Kia,42771.38,Inverse empowering capability
77,GMC,47341.36,Down-sized object-oriented budgetary management
78,BMW,57942.57,Upgradable multi-tasking matrix
79,Dodge,34812.46,Fundamental bottom-line solution
80,Lexus,59819.14,Integrated stable protocol
81,Nissan,83597.52,Realigned motivating protocol
82,Jeep,89128.16,Cloned attitude-oriented support
83,Hyundai,38639.13,Versatile optimal concept
84,Mercedes-Benz,17739.55,Persistent interactive project
85,Mazda,8129.39,Pre-emptive asymmetric toolset
86,Buick,88586.97,Triple-buffered local projection
87,Volkswagen,88238.49,Vision-oriented fresh-thinking service-desk
88,Mercury,96968.39,Diverse zero defect architecture
89,Mercury,90411.41,Digitized system-worthy process improvement
90,Chevrolet,53995.85,Operative bi-directional frame
91,Chevrolet,16902.33,Progressive motivating paradigm
92,Suzuki,19070.98,Focused human-resource initiative
93,Audi,4429.79,Future-proofed composite productivity
94,Pontiac,10367.7,Enhanced homogeneous artificial intelligence
95,Chevrolet,62294.46,Monitored multi-state encoding
96,Dodge,7812.8,Robust systematic protocol
97,Porsche,66109.69,Operative grid-enabled productivity
98,Mazda,51196.93,Universal 24 hour architecture
99,Mitsubishi,39928.63,Multi-lateral 24 hour framework
100,Porsche,2291.05,Integrated methodical focus group
101,Chevrolet,46348.98,Optimized attitude-oriented analyzer
102,Dodge,93555.66,Re-engineered content-based frame
103,Mercedes-Benz,84023.98,Fundamental motivating forecast
104,Pontiac,4563.18,Diverse local policy
105,Toyota,61234.11,Face to face bottom-line encryption
106,Volvo,91275.99,Devolved eco-centric application
107,Rolls-Royce,53009.03,Public-key even-keeled productivity
108,Hyundai,27731.32,Polarised intangible Graphical User Interface
109,Subaru,10327.49,Versatile didactic core
110,Toyota,50648.38,Switchable discrete conglomeration
111,Toyota,30584.37,Balanced real-time neural-net
112,Dodge,27900.76,Persevering well-modulated methodology
113,Ford,67837.38,Optional web-enabled support
114,Mercury,60913.6,De-engineered mobile installation
115,Mercedes-Benz,81124.26,Synchronised bottom-line Graphical User Interface
116,Tesla,10945.89,Synergistic static productivity
117,Kia,55190.92,De-engineered next generation policy
118,Infiniti,40564.26,Universal empowering budgetary management
119,Lexus,67143.0,Stand-alone reciprocal architecture
120,Cadillac,58433.87,Assimilated global success
121,Chrysler,63885.7,Innovative web-enabled solution
122,Volkswagen,73924.6,Intuitive zero defect collaboration
123,Chevrolet,98970.62,Devolved empowering framework
124,Oldsmobile,80069.96,Distributed 24 hour leverage
125,Chevrolet,27515.59,Quality-focused context-sensitive open architecture
126,Buick,82405.82,Virtual multi-tasking open system
127,Pontiac,71882.91,Ameliorated regional process improvement
128,Toyota,29325.87,Decentralized radical concept
129,Toyota,72922.15,Multi-lateral zero defect conglomeration
130,Honda,72468.6,Optimized national ability
131,Cadillac,69137.33,Re-contextualized 24/7 firmware
132,Isuzu,56011.32,Stand-alone asymmetric model
133,Dodge,2601.69,Grass-roots demand-driven intranet
134,Mercury,7363.87,Versatile mobile moratorium
135,Lexus,54301.56,Ameliorated explicit circuit
136,Chevrolet,26855.25,Self-enabling system-worthy analyzer
137,Honda,14176.61,Streamlined content-based analyzer
138,Toyota,30361.48,Visionary actuating monitoring
139,Toyota,17204.94,Customer-focused maximized local area network
140,Jeep,56303.84,Synergized zero administration Graphic Interface
141,Nissan,42386.11,Balanced high-level algorithm
142,Ford,70283.35,Organic encompassing help-desk
143,Honda,4109.39,Right-sized bandwidth-monitored analyzer
144,Isuzu,31246.95,Expanded 24/7 synergy
145,Audi,55295.25,Quality-focused bottom-line hub
146,Dodge,90831.93,Business-focused non-volatile conglomeration
147,Lexus,81534.86,Stand-alone real-time access
148,Ford,37386.24,Quality-focused heuristic Graphical User Interface
149,Land Rover,53100.54,Universal asynchronous moderator
150,Toyota,51197.98,Reactive non-volatile website
151,Suzuki,60774.1,Streamlined systemic superstructure
152,Nissan,59864.5,Organic full-range implementation
153,Mercedes-Benz,90467.72,Reactive background hardware
154,Ford,26155.15,Diverse dynamic Graphic Interface
155,Hyundai,84510.05,Balanced tertiary Graphic Interface
156,Mazda,23837.36,Distributed non-volatile portal
157,Honda,52327.02,Monitored background analyzer
158,Chevrolet,49320.22,User-centric incremental knowledge base
159,Mitsubishi,45589.07,Visionary content-based service-desk
160,Subaru,72809.84,Seamless asymmetric emulation
161,Infiniti,96990.48,Digitized interactive benchmark
162,Subaru,53783.77,Diverse tertiary support
163,Kia,42491.91,Re-engineered non-volatile info-mediaries
164,Dodge,78422.67,Focused zero administration database
165,Ford,10497.86,Persevering incremental open system
166,Ford,11766.33,Optional bandwidth-monitored neural-net
167,Toyota,47625.32,Profit-focused multi-tasking toolset
168,Buick,70557.4,Digitized secondary benchmark
169,Volkswagen,66943.87,Pre-emptive empowering application
170,Saab,63026.99,Function-based foreground concept
171,Mercedes-Benz,80957.61,Front-line background application
172,Volvo,36958.86,Progressive motivating service-desk
173,Ford,58958.26,Triple-buffered web-enabled orchestration
174,GMC,19888.83,Reduced optimal portal
175,Chevrolet,26857.54,Multi-layered well-modulated groupware
176,Mercedes-Benz,41678.56,Advanced systematic throughput
177,Mercury,95675.08,Re-engineered impactful open architecture
178,Toyota,26055.1,Reverse-engineered secondary attitude
179,Chevrolet,60967.73,Visionary bifurcated Graphical User Interface
180,Buick,14617.41,Cross-platform secondary open architecture
181,Dodge,38289.53,Reduced mission-critical conglomeration
182,Toyota,1669.29,Synergized intangible emulation
183,Ford,89897.0,Managed multi-tasking structure
184,Volkswagen,73078.06,Ergonomic 24 hour data-warehouse
185,Toyota,71876.26,Object-based incremental matrix
186,Nissan,34068.29,Re-engineered well-modulated open architecture
187,Audi,65208.93,Diverse optimizing knowledge user
188,Lexus,22262.19,Automated background methodology
189,Oldsmobile,40597.77,Profound multi-tasking service-desk
190,Cadillac,91007.56,Mandatory human-resource instruction set
191,GMC,82458.43,Secured well-modulated product
192,Acura,87974.04,Multi-channelled system-worthy budgetary management
193,Eagle,293.76,Polarised client-driven forecast
194,Saab,8265.04,Intuitive needs-based database
195,Volkswagen,31173.39,Customizable optimal orchestration
196,Mercedes-Benz,464.51,Automated incremental collaboration
197,Mercury,97308.11,Integrated dedicated functionalities
198,Kia,24644.14,Cross-group bi-directional process improvement
199,Chevrolet,57458.06,Fully-configurable discrete Graphical User Interface
200,Mercedes-Benz,2802.14,Multi-layered impactful approach
201,Lincoln,74108.27,Operative multimedia archive
202,Dodge,41259.54,Cross-group client-server function
203,Porsche,61886.49,Switchable value-added architecture
204,Mazda,33508.93,Multi-tiered systematic functionalities
205,Hyundai,2824.44,Integrated scalable architecture
206,Ferrari,27374.75,Future-proofed local software
207,Nissan,4824.66,Synergized clear-thinking open architecture
208,Audi,23626.8,Distributed systematic moratorium
209,GMC,13262.93,Face to face mission-critical initiative
210,Jeep,86044.4,De-engineered discrete alliance
211,Jaguar,17404.63,Progressive needs-based strategy
212,Lexus,82806.41,Re-contextualized intangible data-warehouse
213,Ford,76487.26,Function-based fault-tolerant pricing structure
214,Lexus,84028.24,Upgradable asynchronous task-force
215,Dodge,82209.85,Synergized 24/7 hub
216,Lexus,91724.66,Decentralized high-level database
217,Lincoln,340.64,Business-focused fault-tolerant paradigm
218,Maserati,23811.9,Persevering leading edge challenge
219,BMW,1452.8,Advanced bandwidth-monitored neural-net
220,Honda,90330.1,Object-based maximized alliance
221,Subaru,65270.2,Intuitive global functionalities
222,Land Rover,48353.25,Monitored contextually-based utilisation
223,Dodge,50811.32,Distributed regional database
224,Mitsubishi,30047.87,Versatile optimizing paradigm
225,Volkswagen,13619.71,Phased empowering extranet
226,Chevrolet,98400.17,Customer-focused actuating initiative
227,Lexus,27717.34,Sharable fault-tolerant paradigm
228,Chevrolet,26736.28,Distributed reciprocal encryption
229,Eagle,45423.12,Organized human-resource process improvement
230,Ford,38169.95,Focused non-volatile model
231,Toyota,1242.99,Phased asymmetric matrix
232,GMC,15395.35,Automated upward-trending model
233,Mazda,86164.16,Visionary bifurcated definition
234,Chevrolet,81135.25,Sharable encompassing capacity
235,Chrysler,93471.71,Grass-roots responsive forecast
236,Porsche,93061.28,Configurable multi-state attitude
237,Chevrolet,74464.81,Synchronised human-resource complexity
238,Hyundai,4327.95,Visionary bifurcated superstructure
239,Buick,38387.05,Monitored next generation portal
240,Volvo,45790.27,Versatile empowering artificial intelligence
241,Subaru,31819.18,Horizontal dynamic middleware
242,Jeep,83201.94,Front-line composite task-force
243,Nissan,10003.7,Future-proofed maximized complexity
244,Chevrolet,53797.69,Distributed transitional projection
245,Volkswagen,66079.85,Realigned 5th generation website
246,Audi,82860.8,Programmable stable info-mediaries
247,Mazda,32968.62,Reactive clear-thinking firmware
248,Volvo,71592.4,Switchable stable data-warehouse
249,Dodge,50030.0,Multi-lateral 3rd generation functionalities
250,Scion,81999.46,Intuitive mobile circuit
251,Chevrolet,23634.8,Re-contextualized 24/7 info-mediaries
252,BMW,53691.77,Phased stable toolset
253,Mercedes-Benz,43018.9,Proactive object-oriented approach
254,Chevrolet,86865.65,Right-sized regional methodology
255,Mitsubishi,36019.25,Customizable coherent function
256,Nissan,71770.79,Devolved multimedia standardization
257,Volkswagen,97897.06,Synergistic uniform paradigm
258,Mercedes-Benz,67006.5,Multi-tiered 24 hour collaboration
259,Aston Martin,7868.79,Realigned disintermediate portal
260,Suzuki,75287.26,Extended fault-tolerant flexibility
261,Nissan,5785.8,Up-sized foreground Graphical User Interface
262,Chevrolet,20772.04,Phased discrete extranet
263,Buick,33864.38,Exclusive web-enabled throughput
264,Audi,23675.65,Adaptive transitional instruction set
265,Ford,43486.25,Re-contextualized optimizing instruction set
266,Toyota,64838.37,Ameliorated coherent secured line
267,GMC,27310.36,Realigned responsive success
268,Buick,2678.67,Pre-emptive clear-thinking implementation
269,Chevrolet,75010.86,Quality-focused systematic flexibility
270,Buick,64953.24,Implemented optimizing product
271,GMC,71407.51,Triple-buffered bi-directional paradigm
272,Infiniti,66840.54,Diverse local extranet
273,Nissan,7426.65,Reverse-engineered asynchronous toolset
274,Mazda,63623.77,Adaptive uniform matrix
275,Pontiac,89452.94,Advanced 3rd generation groupware
276,Mercury,7909.47,Decentralized bottom-line capability
277,GMC,71556.04,Implemented uniform website
278,BMW,49952.47,Digitized exuding access
279,Land Rover,5614.27,Implemented discrete framework
280,GMC,22114.95,Virtual system-worthy support
281,BMW,43483.25,Public-key responsive workforce
282,Nissan,88806.71,Multi-lateral 6th generation open architecture
283,Kia,95314.1,Centralized high-level complexity
284,Cadillac,7940.77,Self-enabling 6th generation throughput
285,Acura,29108.29,Function-based regional monitoring
286,Ford,80034.5,Fundamental discrete migration
287,Ford,61292.22,Cloned 24 hour contingency
288,Honda,64733.75,Multi-layered bifurcated access
289,Mercedes-Benz,97988.19,Vision-oriented 24/7 time-frame
290,Hummer,97778.13,Business-focused radical synergy
291,Mercedes-Benz,15487.51,Advanced analyzing service-desk
292,Volkswagen,86998.52,Ergonomic systemic focus group
293,GMC,27777.95,Organic discrete local area network
294,Volvo,3425.57,Secured multi-tasking attitude
295,Dodge,17507.47,Team-oriented zero defect leverage
296,Toyota,57914.0,Re-engineered client-server attitude
297,Ford,57263.28,Customer-focused asynchronous help-desk
298,Chevrolet,69618.9,Streamlined 6th generation website
299,Pontiac,51629.17,Automated bi-directional array
300,Subaru,34021.02,Devolved grid-enabled utilisation
301,BMW,39417.15,Monitored optimizing implementation
302,Isuzu,52397.48,Total zero defect application
303,Hyundai,23899.64,Stand-alone 6th generation strategy
304,Land Rover,53585.92,Multi-tiered zero tolerance infrastructure
305,Chevrolet,6357.34,Programmable discrete superstructure
306,BMW,28116.17,Grass-roots tertiary matrices
307,Chevrolet,90217.9,Open-architected background framework
308,Dodge,64588.82,Adaptive disintermediate throughput
309,Infiniti,89817.69,Vision-oriented next generation approach
310,Mitsubishi,12227.45,Front-line full-range function
311,Volkswagen,61962.23,Optimized client-server support
312,Suzuki,71052.63,Right-sized systemic matrix
313,Isuzu,99648.96,Enhanced bandwidth-monitored utilisation
314,Nissan,63888.0,Persevering 3rd generation benchmark
315,Lamborghini,3950.57,Configurable 5th generation framework
316,Mazda,12470.74,De-engineered analyzing throughput
317,Buick,98079.72,Open-architected secondary monitoring
318,GMC,47033.83,Function-based zero defect matrices
319,Dodge,68207.41,Enterprise-wide transitional success
320,Mazda,13523.0,Proactive didactic capability
321,Kia,91305.61,Open-source multi-state neural-net
322,GMC,24339.28,Progressive full-range monitoring
323,Isuzu,64594.33,Business-focused national workforce
324,Saturn,86789.96,Total maximized matrices
325,Hyundai,6928.49,Ameliorated mission-critical portal
326,Chevrolet,37687.64,Realigned 24 hour customer loyalty
327,Bentley,937.62,Adaptive transitional analyzer
328,Buick,8743.1,Upgradable analyzing policy
329,Ferrari,64057.23,Enhanced bifurcated emulation
330,GMC,79372.56,Right-sized homogeneous encoding
331,Honda,50146.75,Synchronised responsive database
332,Volkswagen,74372.51,Realigned systematic implementation
333,Ferrari,29219.52,Open-architected secondary encryption
334,Volkswagen,52829.98,Diverse explicit superstructure
335,Volkswagen,90854.34,Upgradable well-modulated array
336,Ford,95877.11,Ameliorated bi-directional initiative
337,Nissan,96117.45,Down-sized real-time capability
338,Lexus,36577.14,Persistent empowering standardization
339,Cadillac,94805.35,Seamless zero administration local area network
340,Saturn,59367.01,Operative real-time open architecture
341,BMW,6784.21,Integrated actuating capability
342,Ford,4914.16,Visionary regional toolset
343,BMW,74764.14,Down-sized client-server secured line
344,Lotus,33198.33,Universal scalable portal
345,GMC,6979.0,Public-key local groupware
346,Audi,16820.41,Team-oriented composite budgetary management
347,Cadillac,73548.9,Operative grid-enabled contingency
348,Cadillac,31236.29,Enhanced holistic capacity
349,Mazda,86036.44,Public-key upward-trending Graphic Interface
350,Ford,19712.23,Sharable tangible algorithm
351,Volkswagen,53182.54,Cloned object-oriented neural-net
352,Chevrolet,98620.35,Re-engineered transitional local area network
353,Dodge,74546.23,Right-sized disintermediate product
354,Lincoln,69665.51,Upgradable 24 hour customer loyalty
355,Ford,7617.85,Optimized methodical open architecture
356,Mercedes-Benz,70633.94,Synergized contextually-based Graphic Interface
357,Ford,56768.5,Synergistic web-enabled forecast
358,Nissan,36676.6,Innovative transitional open system
359,Ford,38329.78,Down-sized demand-driven groupware
360,Lexus,76667.26,Innovative systematic capability
361,GMC,2668.91,Front-line modular orchestration
362,Chevrolet,12133.36,Advanced bottom-line interface
363,Mercedes-Benz,56257.37,Customer-focused 4th generation artificial intelligence
364,Dodge,1051.98,Enhanced responsive middleware
365,Chevrolet,14753.2,Robust optimizing matrices
366,Plymouth,11421.65,Implemented demand-driven database
367,Hyundai,98314.36,User-friendly national open system
368,Acura,89703.58,Cloned static archive
369,Toyota,41790.02,Organic hybrid matrices
370,Buick,22804.3,Realigned systematic middleware
371,BMW,88739.47,Devolved exuding attitude
372,Porsche,71387.75,Re-engineered maximized groupware
373,Jeep,4812.58,Right-sized hybrid challenge
374,Toyota,9374.12,Future-proofed secondary adapter
375,Mercury,52948.74,Phased analyzing array
376,Volkswagen,84186.77,Reduced disintermediate process improvement
377,Hyundai,90203.96,Programmable next generation budgetary management
378,Audi,2896.35,Advanced attitude-oriented conglomeration
379,Mitsubishi,19846.81,Multi-lateral intermediate neural-net
380,Dodge,87521.07,Fully-configurable demand-driven monitoring
381,Mitsubishi,89849.97,Integrated zero defect hardware
382,Subaru,10081.2,Intuitive system-worthy matrix
383,Dodge,43295.83,Re-engineered hybrid local area network
384,Mazda,91972.54,Mandatory actuating extranet
385,Nissan,52789.64,Ameliorated scalable application
386,Ford,46287.32,Monitored 3rd generation protocol
387,Infiniti,76878.65,Reactive encompassing contingency
388,Chevrolet,9958.04,Right-sized bandwidth-monitored migration
389,Volkswagen,43027.72,Decentralized even-keeled leverage
390,Volvo,46776.96,Cloned bifurcated internet solution
391,GMC,6793.46,Visionary uniform methodology
392,Chrysler,4429.55,Switchable asymmetric middleware
393,Saab,67077.23,Extended directional portal
394,Mercury,77197.13,Customizable logistical circuit
395,Chevrolet,12277.48,Cross-platform impactful complexity
396,Saturn,11071.68,Customer-focused cohesive flexibility
397,Ford,45287.07,Streamlined discrete methodology
398,Chevrolet,50908.1,Cross-platform dynamic implementation
399,Toyota,5519.82,Adaptive hybrid Graphic Interface
400,Pontiac,9172.27,Profit-focused system-worthy website
401,Mitsubishi,23178.55,Open-architected systematic application
402,Toyota,22457.06,Virtual dedicated function
403,Chevrolet,9712.99,Synergistic homogeneous open architecture
404,Chevrolet,27093.9,Programmable real-time project
405,GMC,21124.37,Optimized logistical flexibility
406,Nissan,43327.16,Compatible object-oriented attitude
407,Lincoln,91969.43,Persevering contextually-based database
408,Hyundai,7714.94,Automated stable database
409,Chevrolet,34349.87,Profound stable support
410,Volkswagen,4408.46,User-centric client-driven hub
411,Hyundai,24063.61,Visionary tangible intranet
412,Buick,48392.45,Quality-focused bottom-line initiative
413,CitroÃ«n,85617.4,Digitized real-time standardization
414,Cadillac,57173.36,Persistent needs-based parallelism
415,Eagle,71371.17,Front-line 5th generation toolset
416,Maybach,8132.23,Intuitive encompassing success
417,Cadillac,39865.73,Pre-emptive cohesive policy
418,Suzuki,78220.09,Pre-emptive value-added concept
419,Volkswagen,78974.44,De-engineered contextually-based framework
420,Infiniti,83858.82,Intuitive intangible emulation
421,Kia,74525.95,Right-sized dynamic collaboration
422,Mercedes-Benz,52488.57,Exclusive next generation portal
423,Pontiac,55075.94,Multi-lateral asynchronous customer loyalty
424,Bentley,5058.21,Multi-channelled eco-centric complexity
425,GMC,31659.81,Proactive zero administration software
426,Ford,13503.62,Organic client-server product
427,Audi,35865.79,Ameliorated client-server parallelism
428,Buick,45247.33,Up-sized contextually-based infrastructure
429,Pontiac,80761.24,Cloned next generation budgetary management
430,Toyota,53342.0,Expanded uniform middleware
431,Pontiac,41077.6,Fully-configurable mission-critical utilisation
432,Nissan,617.06,Synchronised background capability
433,Dodge,50829.81,Integrated incremental groupware
434,Jaguar,69745.86,Programmable client-server website
435,Ford,51407.33,Visionary solution-oriented moratorium
436,Saturn,75019.79,Optimized modular time-frame
437,Mercedes-Benz,50100.44,Synergized high-level adapter
438,Cadillac,8245.06,Seamless contextually-based application
439,Mazda,86909.18,Face to face hybrid benchmark
440,Oldsmobile,40096.01,Inverse systemic structure
441,Subaru,8362.9,Integrated solution-oriented instruction set
442,Mercedes-Benz,46849.33,Networked even-keeled standardization
443,Ford,97355.13,Self-enabling coherent utilisation
444,Oldsmobile,59581.97,Customizable global benchmark
445,Toyota,53107.16,Function-based encompassing neural-net
446,Chevrolet,8309.75,Configurable global artificial intelligence
447,Honda,68831.17,Reduced uniform complexity
448,Chevrolet,14041.68,Optimized secondary array
449,Land Rover,97932.47,Synergized interactive middleware
450,Lincoln,18075.7,Persistent intermediate Graphic Interface
451,Toyota,13614.46,Organized didactic forecast
452,Nissan,70749.71,Persevering bifurcated website
453,Ford,41874.78,Programmable bi-directional algorithm
454,Lexus,41261.91,Intuitive multimedia hierarchy
455,Honda,98907.68,Public-key contextually-based software
456,Ford,7942.49,Versatile optimizing open architecture
457,Saturn,87467.75,Fundamental eco-centric extranet
458,Toyota,8465.29,Persistent discrete focus group
459,Pontiac,70640.8,Multi-channelled real-time toolset
460,Toyota,86989.81,Fully-configurable regional capability
461,Mitsubishi,55978.79,Streamlined attitude-oriented info-mediaries
462,Audi,26125.01,User-centric national definition
463,Honda,37566.85,Cross-group cohesive help-desk
464,GMC,21504.42,Distributed attitude-oriented standardization
465,Ford,80168.27,Synergized coherent help-desk
466,Volkswagen,92016.41,Exclusive disintermediate knowledge user
467,Chevrolet,38157.57,Managed motivating pricing structure
468,BMW,88612.5,Distributed zero defect infrastructure
469,Volvo,19113.36,Distributed dynamic installation
470,Mercury,17967.41,Reduced zero administration info-mediaries
471,Bentley,65777.09,Front-line asynchronous synergy
472,Chevrolet,12368.54,Business-focused transitional concept
473,Aston Martin,6060.99,Decentralized asynchronous success
474,Dodge,92499.28,Optimized multi-tasking info-mediaries
475,Mitsubishi,45723.24,Re-contextualized homogeneous knowledge base
476,Chrysler,23943.98,Centralized asymmetric hierarchy
477,Jaguar,66414.1,Horizontal modular contingency
478,Isuzu,79209.76,De-engineered encompassing throughput
479,Audi,30607.83,Self-enabling user-facing standardization
480,GMC,49217.41,Enhanced composite synergy
481,Bentley,31946.81,Persistent 3rd generation support
482,Ford,84697.43,Advanced bi-directional portal
483,Audi,95346.73,Mandatory heuristic leverage
484,Toyota,11762.24,Assimilated empowering portal
485,Nissan,1890.48,Ergonomic non-volatile strategy
486,Lexus,87161.88,Managed upward-trending challenge
487,Chevrolet,57532.05,Expanded attitude-oriented flexibility
488,MINI,25181.5,Optimized dedicated encoding
489,Scion,21894.46,Adaptive demand-driven core
490,Mazda,54867.09,Triple-buffered composite matrix
491,Dodge,22462.64,Down-sized discrete alliance
492,Ford,83826.86,Programmable client-server methodology
493,Pontiac,61552.39,Secured exuding success
494,Volvo,58584.15,Enterprise-wide bifurcated application
495,Audi,13885.98,Monitored user-facing throughput
496,BMW,17826.97,Sharable national internet solution
497,Toyota,42439.67,Extended optimal challenge
498,Eagle,96438.45,Cross-group impactful forecast
499,Toyota,78653.69,Organic impactful installation
500,Mercedes-Benz,36300.32,Operative bandwidth-monitored throughput
501,Volvo,61985.99,Virtual client-server open system
502,Mazda,97005.63,Proactive high-level local area network
503,GMC,58472.23,Adaptive static customer loyalty
504,Suzuki,11311.12,Polarised next generation customer loyalty
505,Chevrolet,71861.41,Progressive empowering website
506,Mitsubishi,62824.92,Function-based analyzing installation
507,Volvo,40762.21,Focused contextually-based matrix
508,Saturn,76589.58,Assimilated upward-trending matrices
509,Toyota,41862.42,Synergistic mobile system engine
510,Saturn,37800.37,Horizontal solution-oriented function
511,Volkswagen,70207.65,Customer-focused interactive flexibility
512,Porsche,91465.11,Profound multi-tasking flexibility
513,Dodge,4297.7,User-friendly client-server core
514,Volvo,53751.24,Vision-oriented asymmetric neural-net
515,Lexus,78592.85,Persevering uniform benchmark
516,Mazda,83250.12,Organic reciprocal standardization
517,Mazda,42951.36,Public-key heuristic product
518,Land Rover,42526.14,Centralized tangible firmware
519,BMW,42651.33,Optional static application
520,Mitsubishi,30296.09,Front-line heuristic access
521,Audi,75475.24,Monitored cohesive strategy
522,Ford,57924.55,Future-proofed coherent algorithm
523,Bentley,32519.85,Operative demand-driven help-desk
524,Mercedes-Benz,31500.41,Operative zero defect extranet
525,Honda,36536.11,Quality-focused real-time process improvement
526,Jeep,31610.23,Profound upward-trending firmware
527,Lincoln,65227.79,Operative intangible approach
528,Subaru,53970.38,Open-architected leading edge flexibility
529,Toyota,72389.86,Robust 24 hour database
530,Audi,40087.62,Persevering real-time database
531,Oldsmobile,52674.97,Advanced needs-based concept
532,Toyota,43301.74,Cross-group bifurcated matrices
533,Hyundai,2991.7,Centralized object-oriented time-frame
534,Ford,55464.02,Organic bifurcated Graphic Interface
535,Ford,93115.89,Organized disintermediate interface
536,Volkswagen,35135.5,Profound object-oriented system engine
537,Infiniti,40500.9,Open-architected systemic artificial intelligence
538,Chevrolet,2772.07,Cloned even-keeled help-desk
539,Volvo,66091.9,Reduced tertiary installation
540,Mazda,55532.7,De-engineered holistic knowledge base
541,Dodge,61248.25,Programmable interactive emulation
542,Porsche,94224.99,Extended full-range firmware
543,Nissan,49509.22,Multi-layered regional attitude
544,Chevrolet,79850.98,Object-based actuating installation
545,Nissan,24146.9,Reactive actuating array
546,Mercedes-Benz,60638.29,Exclusive actuating superstructure
547,Mazda,81507.82,Open-source even-keeled matrices
548,Ford,27874.57,De-engineered human-resource definition
549,Mazda,72075.96,Business-focused directional functionalities
550,Chevrolet,929.78,Centralized analyzing policy
551,Audi,92077.25,Customizable composite challenge
552,Toyota,62096.85,Robust empowering product
553,Dodge,29525.51,Function-based client-server infrastructure
554,Mercedes-Benz,25890.71,Horizontal static orchestration
555,Mitsubishi,11126.32,Realigned scalable collaboration
556,Suzuki,81490.32,Expanded intermediate knowledge user
557,Mercury,12026.45,Multi-channelled value-added infrastructure
558,GMC,90672.48,Down-sized even-keeled function
559,Lamborghini,38604.63,Universal disintermediate initiative
560,MINI,44477.74,De-engineered foreground neural-net
561,Isuzu,80215.78,Re-engineered heuristic workforce
562,Mercedes-Benz,81383.01,Persevering bandwidth-monitored system engine
563,Ford,76895.68,Compatible zero administration neural-net
564,Mercedes-Benz,86793.05,Virtual content-based alliance
565,Mitsubishi,34987.18,Automated multi-tasking adapter
566,Aston Martin,50835.73,Optimized explicit application
567,Volvo,93188.27,Reactive real-time Graphical User Interface
568,Infiniti,67071.92,Proactive analyzing superstructure
569,Lexus,13014.86,Down-sized grid-enabled installation
570,Subaru,71814.1,Virtual next generation infrastructure
571,Cadillac,76364.23,Enterprise-wide fault-tolerant utilisation
572,Infiniti,21816.39,Inverse executive matrices
573,Suzuki,15085.29,Horizontal tertiary workforce
574,Chevrolet,39746.1,Versatile regional contingency
575,Dodge,94378.25,Self-enabling reciprocal encryption
576,Honda,75326.67,Switchable stable process improvement
577,Buick,23368.36,Sharable tangible matrices
578,Pontiac,3380.5,Intuitive multi-tasking encoding
579,Chevrolet,47644.65,Synergistic bandwidth-monitored local area network
580,Ford,88691.0,Focused disintermediate hardware
581,Kia,62392.28,Networked zero tolerance utilisation
582,Mercedes-Benz,21683.8,Balanced global definition
583,Suzuki,9671.17,Pre-emptive impactful orchestration
584,Chevrolet,20335.55,Profound non-volatile algorithm
585,Aston Martin,46886.08,Decentralized web-enabled website
586,Nissan,75719.95,Streamlined context-sensitive access
587,Nissan,68841.6,Centralized secondary structure
588,Pontiac,77733.97,Diverse contextually-based forecast
589,Lotus,70034.46,Organic responsive pricing structure
590,GMC,67667.67,Adaptive responsive application
591,Isuzu,28208.44,Networked tertiary moratorium
592,Ford,99949.34,Switchable tangible concept
593,Isuzu,95446.44,Implemented non-volatile installation
594,Toyota,74937.56,Compatible incremental projection
595,Mazda,94218.42,Fundamental composite framework
596,Honda,12042.12,Triple-buffered zero tolerance workforce
597,Dodge,60103.46,Balanced full-range application
598,Chevrolet,81726.66,Distributed even-keeled functionalities
599,Chrysler,82772.0,Customizable didactic complexity
600,Lexus,27163.45,Robust discrete forecast
601,Chevrolet,52034.02,Cloned systemic archive
602,Pontiac,47764.84,Centralized interactive encryption
603,Dodge,98232.99,Adaptive next generation policy
604,Pontiac,91627.73,Virtual transitional time-frame
605,Land Rover,20838.25,Up-sized human-resource flexibility
606,GMC,62718.43,User-friendly hybrid software
607,Volvo,47586.68,Total high-level model
608,Nissan,32250.57,Enhanced user-facing algorithm
609,Hyundai,58440.2,Cross-group context-sensitive matrices
610,Chevrolet,75489.41,Ameliorated upward-trending hardware
611,Hyundai,9185.46,Compatible client-driven array
612,GMC,47785.81,Universal empowering customer loyalty
613,McLaren,77539.12,Robust content-based installation
614,Kia,84874.07,Diverse actuating algorithm
615,Suzuki,73110.17,Profound intermediate utilisation
616,Maserati,91005.99,Right-sized responsive knowledge base
617,Mazda,28036.41,Enterprise-wide grid-enabled strategy
618,Mazda,66630.0,Seamless object-oriented help-desk
619,Volvo,25844.68,Managed attitude-oriented project
620,GMC,43788.25,Vision-oriented human-resource data-warehouse
621,Nissan,21250.66,Mandatory eco-centric policy
622,Porsche,7622.15,Versatile mission-critical flexibility
623,Mazda,19560.54,Upgradable mission-critical portal
624,Cadillac,54953.98,Object-based local budgetary management
625,Volkswagen,93535.58,Innovative systemic process improvement
626,Lincoln,16559.16,Fully-configurable impactful collaboration
627,Volvo,98963.22,Reverse-engineered transitional toolset
628,Buick,49406.76,Multi-lateral human-resource infrastructure
629,Honda,84109.32,Reduced systematic capability
630,BMW,50667.27,Seamless directional forecast
631,Ford,89520.08,Configurable national installation
632,BMW,51440.39,Realigned leading edge matrix
633,Cadillac,47505.61,Enterprise-wide local structure
634,Jaguar,48205.73,Synergized mobile solution
635,Mitsubishi,2505.99,Multi-lateral object-oriented circuit
636,Subaru,46610.83,Optional empowering implementation
637,Volvo,13781.36,Managed leading edge capability
638,Studebaker,39219.52,Reduced eco-centric groupware
639,Volkswagen,13021.97,Focused high-level knowledge base
640,Saturn,95920.38,Fundamental heuristic project
641,Nissan,43334.25,Ergonomic fault-tolerant alliance
642,BMW,43543.12,Face to face web-enabled alliance
643,Chrysler,58129.99,Fundamental object-oriented projection
644,Isuzu,71859.34,Total impactful adapter
645,Eagle,32867.81,Persevering object-oriented algorithm
646,Eagle,2861.53,Fully-configurable tertiary service-desk
647,Lexus,11916.27,Expanded bi-directional methodology
648,Ford,20975.92,Organized well-modulated firmware
649,Hyundai,78368.68,Synergistic value-added budgetary management
650,Isuzu,99513.51,Ameliorated neutral parallelism
651,Mazda,57351.68,Mandatory zero administration local area network
652,Toyota,84873.87,Fully-configurable zero administration toolset
653,Land Rover,59936.37,Grass-roots composite orchestration
654,Saab,97218.61,Universal motivating collaboration
655,Scion,51063.94,User-centric 5th generation forecast
656,Chrysler,2774.75,Reactive responsive superstructure
657,Buick,6701.56,Automated foreground help-desk
658,Chevrolet,2276.24,Cloned uniform emulation
659,Ford,14958.05,Distributed context-sensitive collaboration
660,Kia,8248.49,Open-architected scalable definition
661,Honda,52282.75,Streamlined zero tolerance groupware
662,Jaguar,13686.05,Synergized next generation solution
663,Subaru,73628.99,Profound logistical protocol
664,Chevrolet,28373.03,Quality-focused regional info-mediaries
665,Jeep,61063.95,Organic didactic array
666,Lincoln,93484.35,Devolved discrete superstructure
667,Ford,2744.38,Grass-roots hybrid product
668,Lexus,16449.31,Down-sized 3rd generation time-frame
669,BMW,35709.25,User-centric asynchronous service-desk
670,Infiniti,78301.44,Secured background system engine
671,Toyota,73599.51,Configurable composite intranet
672,GMC,20852.93,Centralized multi-tasking website
673,Infiniti,49725.01,Proactive web-enabled orchestration
674,GMC,38860.02,Programmable multi-state portal
675,Mercedes-Benz,42916.17,Diverse bifurcated extranet
676,Cadillac,94403.3,Cross-platform well-modulated help-desk
677,Lincoln,94754.37,Team-oriented tertiary infrastructure
678,Audi,72218.02,Decentralized 6th generation hardware
679,Ford,93874.24,Upgradable discrete support
680,Ferrari,7196.91,Adaptive homogeneous complexity
681,Ford,99117.42,Polarised leading edge toolset
682,Ford,78936.14,Progressive non-volatile function
683,Nissan,82436.36,Mandatory static secured line
684,Chevrolet,59471.73,Enhanced upward-trending definition
685,Dodge,33490.96,Versatile interactive open architecture
686,Mitsubishi,4893.36,Diverse local throughput
687,Eagle,80230.1,Ameliorated logistical protocol
688,Lexus,35647.73,Seamless encompassing help-desk
689,Bentley,62764.3,Polarised clear-thinking orchestration
690,Dodge,35378.48,Customizable eco-centric superstructure
691,Subaru,59633.89,Ergonomic reciprocal open system
692,Dodge,19943.94,Customizable bottom-line collaboration
693,Mazda,94080.18,Expanded directional methodology
694,Toyota,9297.36,Automated discrete customer loyalty
695,Volkswagen,42691.12,Polarised solution-oriented installation
696,Chevrolet,95963.49,Object-based logistical matrices
697,Lamborghini,83876.62,Secured heuristic task-force
698,Mitsubishi,41589.61,Switchable well-modulated encoding
699,Daewoo,74019.2,Managed cohesive moderator
700,Chevrolet,82133.26,Devolved empowering knowledge base
701,Subaru,86601.16,Synergistic bottom-line collaboration
702,Toyota,40012.5,Face to face even-keeled definition
703,Geo,37062.01,Up-sized solution-oriented monitoring
704,Mazda,15822.83,Cross-platform bottom-line instruction set
705,Mercedes-Benz,6620.34,Innovative responsive workforce
706,Dodge,56673.33,Upgradable well-modulated collaboration
707,Chevrolet,22460.5,Versatile human-resource projection
708,Dodge,84953.95,Devolved fault-tolerant hierarchy
709,Plymouth,37146.99,Team-oriented dedicated pricing structure
710,Cadillac,89282.84,Sharable foreground contingency
711,Nissan,88562.34,Open-source zero defect array
712,Saab,43168.52,Grass-roots multi-tasking portal
713,Suzuki,5950.4,Profit-focused needs-based challenge
714,Chevrolet,58967.17,Proactive real-time leverage
715,Mercury,12195.83,Implemented background productivity
716,MINI,7111.0,Horizontal neutral hardware
717,Mercedes-Benz,61152.59,Virtual encompassing data-warehouse
718,Chevrolet,77527.57,Quality-focused didactic standardization
719,Buick,59161.6,Synchronised 24 hour synergy
720,Chevrolet,1473.56,Phased zero administration function
721,Oldsmobile,78625.63,Profound maximized open architecture
722,Mercedes-Benz,8794.66,Multi-layered multi-state project
723,Saab,70700.87,Total logistical monitoring
724,GMC,92314.7,Public-key directional neural-net
725,Buick,55611.09,Networked system-worthy analyzer
726,Aston Martin,80652.28,Open-architected 3rd generation archive
727,MINI,43757.75,Synergized holistic intranet
728,Dodge,73466.86,Versatile needs-based migration
729,Land Rover,48897.23,Operative modular project
730,Mitsubishi,80950.69,Enhanced global knowledge user
731,Chevrolet,44195.33,Versatile heuristic encryption
732,Audi,25024.37,Inverse heuristic workforce
733,Geo,2185.72,Fundamental holistic support
734,Audi,9993.11,Networked solution-oriented artificial intelligence
735,Nissan,53223.56,Managed attitude-oriented matrix
736,Mitsubishi,20818.93,Horizontal transitional productivity
737,Suzuki,31445.84,Upgradable 24/7 model
738,Maserati,20633.61,Future-proofed exuding Graphic Interface
739,Toyota,87631.13,Vision-oriented mobile strategy
740,Jaguar,712.91,Open-architected mission-critical product
741,Chevrolet,65450.57,Extended bottom-line orchestration
742,Chrysler,62339.73,Distributed tertiary methodology
743,Jeep,48211.74,Synergistic bandwidth-monitored groupware
744,BMW,82241.81,Reactive didactic hub
745,Lincoln,73179.64,Distributed bifurcated algorithm
746,Mercedes-Benz,32836.82,Multi-lateral multi-state support
747,Subaru,7220.82,Implemented 5th generation knowledge user
748,Ford,43568.87,Front-line uniform instruction set
749,Mazda,54628.08,Compatible user-facing product
750,Mercedes-Benz,59844.11,Balanced multi-state superstructure
751,Dodge,76394.88,Managed foreground Graphical User Interface
752,Dodge,2467.12,Reverse-engineered logistical methodology
753,Acura,20884.7,Universal homogeneous help-desk
754,Lincoln,18024.14,Centralized scalable intranet
755,Nissan,40744.87,Reactive uniform encryption
756,Nissan,21982.49,Streamlined cohesive matrix
757,Chevrolet,48872.39,Integrated background solution
758,Subaru,98225.93,Proactive global functionalities
759,Subaru,2472.97,User-centric logistical hardware
760,Chevrolet,86558.38,Distributed attitude-oriented internet solution
761,Chrysler,85474.6,Multi-tiered mission-critical matrices
762,Chevrolet,18609.79,Synergistic solution-oriented forecast
763,Volvo,48327.13,Down-sized next generation collaboration
764,Mercury,93568.79,Object-based grid-enabled portal
765,Mazda,27737.08,De-engineered stable Graphical User Interface
766,Lincoln,46281.92,Monitored bifurcated service-desk
767,Dodge,84084.21,Profound disintermediate Graphic Interface
768,Ford,20140.64,Switchable attitude-oriented concept
769,Bentley,18673.64,Operative intermediate customer loyalty
770,Lexus,19589.85,Seamless cohesive application
771,Toyota,32026.18,Fully-configurable encompassing software
772,Honda,64028.56,Diverse static circuit
773,Chevrolet,79696.54,Fully-configurable static migration
774,Subaru,13413.0,Decentralized didactic benchmark
775,Subaru,92253.18,Automated bi-directional adapter
776,Chevrolet,80906.26,Enterprise-wide reciprocal migration
777,Dodge,18268.27,Diverse non-volatile moratorium
778,Mitsubishi,61554.49,Centralized clear-thinking database
779,Foose,13378.57,Re-contextualized modular leverage
780,Volkswagen,79180.48,Switchable bandwidth-monitored strategy
781,Porsche,19661.88,Organic 4th generation framework
782,Porsche,65028.95,Intuitive 4th generation knowledge user
783,Ford,28214.63,Innovative 3rd generation matrix
784,Mitsubishi,91316.28,Polarised demand-driven leverage
785,Ford,37880.18,Vision-oriented content-based hub
786,Toyota,18003.5,Innovative incremental database
787,Infiniti,55407.15,Front-line cohesive complexity
788,Dodge,46986.91,Realigned demand-driven methodology
789,Chevrolet,71670.45,Business-focused regional help-desk
790,Audi,78836.58,Fundamental logistical open system
791,Mitsubishi,63991.95,Business-focused system-worthy architecture
792,Mercury,41165.55,Fully-configurable bottom-line support
793,Buick,73317.96,Ergonomic scalable application
794,Nissan,10045.65,Realigned bi-directional service-desk
795,Mercury,26772.59,Streamlined even-keeled success
796,Honda,30430.01,Monitored 24/7 secured line
797,BMW,1973.21,Horizontal bifurcated frame
798,Pontiac,78781.61,Optimized next generation migration
799,Chevrolet,31071.71,Customizable 24/7 service-desk
800,Audi,23008.76,Implemented multi-state info-mediaries
801,Buick,83073.22,Devolved context-sensitive local area network
802,Chevrolet,99527.18,Intuitive tertiary instruction set
803,GMC,63329.33,Devolved needs-based approach
804,Ford,89737.59,Enhanced systematic model
805,Volvo,84625.42,Persevering content-based forecast
806,Chevrolet,35705.34,Object-based heuristic capacity
807,Land Rover,91303.44,Proactive hybrid time-frame
808,Toyota,70493.21,Horizontal mission-critical archive
809,Geo,68100.43,Cross-group executive extranet
810,Buick,66921.14,Profound dedicated solution
811,Lotus,38609.63,Phased empowering complexity
812,Honda,70637.58,Secured 4th generation hierarchy
813,Cadillac,33465.11,Universal directional process improvement
814,Acura,94373.7,Upgradable solution-oriented moratorium
815,Jeep,59298.19,User-centric radical flexibility
816,Honda,18389.49,Down-sized demand-driven solution
817,Saturn,1120.44,Programmable even-keeled project
818,GMC,72950.18,Organized tertiary framework
819,Dodge,38000.02,Public-key tangible matrices
820,Pontiac,15199.13,Down-sized interactive superstructure
821,Buick,43725.87,Innovative next generation utilisation
822,Toyota,33217.55,Decentralized systemic core
823,Lexus,77062.76,Future-proofed web-enabled throughput
824,Toyota,65100.88,Quality-focused 4th generation policy
825,Mercedes-Benz,59392.29,Universal scalable open system
826,Jeep,58348.04,Operative even-keeled model
827,Mercedes-Benz,21051.65,Expanded next generation attitude
828,Bugatti,85638.59,Pre-emptive leading edge archive
829,Chevrolet,50310.72,Multi-tiered methodical product
830,Suzuki,3045.15,Automated tertiary process improvement
831,Mazda,31235.57,Programmable tertiary archive
832,Lexus,21265.01,Balanced actuating circuit
833,Cadillac,77685.47,De-engineered leading edge encryption
834,Chevrolet,27984.1,Ergonomic impactful installation
835,Volvo,44796.44,Multi-tiered cohesive benchmark
836,GMC,13217.28,Upgradable mission-critical success
837,Honda,34861.31,Visionary executive complexity
838,Toyota,20280.35,Configurable discrete internet solution
839,Chrysler,79526.22,Managed holistic secured line
840,Mitsubishi,36904.35,Robust background algorithm
841,Audi,27848.71,Synergized heuristic alliance
842,Chevrolet,79352.68,Advanced logistical artificial intelligence
843,BMW,22366.54,Phased bandwidth-monitored paradigm
844,Pontiac,82806.48,Exclusive user-facing archive
845,Bentley,67429.29,Quality-focused composite migration
846,Maybach,2097.92,Digitized contextually-based encryption
847,Chevrolet,35146.88,Programmable tertiary throughput
848,Chevrolet,51650.05,Pre-emptive content-based solution
849,Audi,79753.63,Balanced upward-trending initiative
850,Dodge,22610.91,Assimilated optimal support
851,Mitsubishi,3306.99,User-centric coherent website
852,Mercury,96250.03,Quality-focused mobile migration
853,GMC,86617.42,Optional content-based open architecture
854,Toyota,71553.43,Organic radical challenge
855,BMW,96541.12,Triple-buffered object-oriented framework
856,Audi,36499.73,Cloned 24 hour throughput
857,Dodge,22637.11,Monitored composite capacity
858,Chevrolet,12415.99,Versatile didactic website
859,Jeep,76907.26,Balanced encompassing open system
860,Buick,14106.88,Upgradable global knowledge user
861,Lamborghini,11887.65,Proactive tertiary local area network
862,Infiniti,93935.92,Fundamental context-sensitive support
863,Lincoln,35685.3,Compatible disintermediate benchmark
864,Hyundai,44370.85,Stand-alone intermediate moratorium
865,Volvo,57535.54,Realigned logistical Graphic Interface
866,Toyota,5565.8,Re-engineered attitude-oriented collaboration
867,BMW,57761.87,Synergistic clear-thinking local area network
868,Mercedes-Benz,78671.0,Re-engineered client-server project
869,Hummer,20230.05,Synchronised heuristic model
870,Dodge,76324.68,Pre-emptive 5th generation complexity
871,Pontiac,40311.33,Front-line high-level functionalities
872,Bentley,45407.06,Ameliorated stable paradigm
873,Buick,27625.9,Customizable upward-trending info-mediaries
874,Ford,67949.62,Implemented multi-state paradigm
875,Volkswagen,1886.6,Networked reciprocal migration
876,Buick,79782.33,Progressive user-facing hierarchy
877,Acura,78380.94,Optimized client-server forecast
878,Dodge,28606.6,Multi-channelled bifurcated process improvement
879,Toyota,54898.67,Polarised static budgetary management
880,Ford,79976.56,Re-contextualized contextually-based standardization
881,Jaguar,28927.58,Future-proofed holistic archive
882,Cadillac,57019.15,Enterprise-wide static paradigm
883,Dodge,62960.79,Inverse static flexibility
884,Kia,28534.17,Multi-channelled regional system engine
885,Acura,47105.26,Extended logistical matrix
886,Mercedes-Benz,42744.9,Compatible content-based forecast
887,Acura,57831.92,Business-focused 6th generation challenge
888,GMC,99750.87,Compatible dedicated synergy
889,Suzuki,52385.86,Streamlined context-sensitive array
890,Toyota,53577.92,Managed discrete forecast
891,Chevrolet,61232.32,Phased radical paradigm
892,Saab,60165.15,Quality-focused well-modulated circuit
893,Lexus,96654.39,Fully-configurable logistical capability
894,Chevrolet,92770.52,Persistent local info-mediaries
895,Ford,94112.64,Total background hub
896,Suzuki,5300.37,Business-focused tertiary implementation
897,Lexus,63228.04,Up-sized bandwidth-monitored concept
898,Dodge,91184.74,Seamless human-resource definition
899,Ram,73777.39,Polarised context-sensitive open system
900,Nissan,52579.85,Re-engineered mobile system engine
901,Jaguar,80547.74,Intuitive mobile approach
902,Dodge,4088.6,Cross-group next generation flexibility
903,Pontiac,34630.82,Managed exuding collaboration
904,Chevrolet,47222.31,Public-key non-volatile local area network
905,Audi,13212.7,Re-engineered local budgetary management
906,Dodge,73129.76,User-centric motivating portal
907,Lexus,69365.83,Versatile multi-tasking methodology
908,Scion,46468.88,Optimized holistic intranet
909,Pontiac,17917.94,Synchronised transitional architecture
910,Ford,52038.51,Distributed object-oriented hierarchy
911,Honda,17138.41,Public-key grid-enabled open architecture
912,Chevrolet,56489.47,Adaptive interactive adapter
913,Audi,42805.2,Balanced 24/7 system engine
914,Infiniti,3675.25,Fundamental local protocol
915,Chevrolet,95745.11,Self-enabling background adapter
916,Ford,33217.68,Pre-emptive homogeneous circuit
917,Mazda,8016.51,Devolved mission-critical middleware
918,Ford,16311.03,Reverse-engineered multi-state Graphic Interface
919,Ford,35987.27,Distributed bottom-line frame
920,Mitsubishi,13534.05,Distributed bandwidth-monitored customer loyalty
921,Lexus,33908.77,Reduced modular firmware
922,Honda,20794.9,Operative mission-critical archive
923,MINI,51338.31,Enhanced web-enabled challenge
924,Chevrolet,89055.33,Compatible regional process improvement
925,Buick,65429.98,Horizontal mission-critical analyzer
926,Mazda,60109.17,Streamlined zero defect policy
927,Subaru,59432.66,Compatible systemic customer loyalty
928,Ford,38311.0,Reverse-engineered object-oriented policy
929,BMW,31474.16,Polarised intangible installation
930,Mazda,96957.31,Decentralized needs-based functionalities
931,Honda,84401.75,Horizontal transitional customer loyalty
932,GMC,69671.51,User-friendly leading edge leverage
933,Mercedes-Benz,17758.68,Grass-roots multi-state project
934,Lincoln,43961.48,Ameliorated bifurcated support
935,BMW,98172.87,Total needs-based database
936,GMC,82959.5,Ameliorated actuating conglomeration
937,Chevrolet,1783.62,Customizable responsive encoding
938,Chevrolet,60744.73,Front-line tangible core
939,Hyundai,94442.0,Grass-roots non-volatile forecast
940,Chevrolet,95069.98,User-friendly dynamic info-mediaries
941,Buick,61362.21,Up-sized systematic synergy
942,Jeep,97003.71,Re-engineered motivating attitude
943,Porsche,62673.03,Reactive multimedia open architecture
944,Saturn,42874.55,Monitored methodical flexibility
945,Ford,7904.17,Multi-layered analyzing secured line
946,Mazda,19058.16,Future-proofed interactive leverage
947,Chevrolet,81710.2,Right-sized executive circuit
948,Toyota,54789.67,Integrated systemic knowledge base
949,Pontiac,19391.94,User-centric analyzing migration
950,Mercedes-Benz,62179.11,Enterprise-wide asynchronous archive
951,Dodge,31286.35,Triple-buffered zero administration infrastructure
952,Toyota,54553.09,Team-oriented impactful approach
953,Pontiac,12548.98,Synchronised coherent support
954,Ford,16280.29,Polarised actuating attitude
955,Mitsubishi,51001.77,Re-engineered foreground task-force
956,Dodge,28556.67,Cross-platform heuristic archive
957,Dodge,34018.15,Profound coherent contingency
958,Pontiac,59023.03,Switchable transitional Graphic Interface
959,Mazda,1949.99,Quality-focused mobile encoding
960,Ford,84277.33,Self-enabling encompassing synergy
961,Audi,97923.6,Public-key next generation firmware
962,Chevrolet,86437.12,Future-proofed needs-based frame
963,Mazda,84456.65,Versatile object-oriented info-mediaries
964,Honda,18634.63,Persevering zero administration Graphic Interface
965,Dodge,7205.18,Upgradable 3rd generation architecture
966,Pontiac,77825.63,Customer-focused value-added pricing structure
967,Jeep,88937.19,Organized bifurcated model
968,Dodge,33810.51,Cross-platform directional flexibility
969,Oldsmobile,16884.04,Decentralized coherent implementation
970,Scion,81015.58,Cross-group cohesive middleware
971,Saturn,40875.95,Function-based system-worthy service-desk
972,Maserati,67881.17,Persevering background leverage
973,Kia,74118.58,Operative dynamic time-frame
974,Subaru,44885.14,Synergistic human-resource knowledge base
975,Volkswagen,14521.82,Multi-lateral homogeneous hub
976,Nissan,43327.24,Robust maximized middleware
977,Mitsubishi,4282.36,Synergized real-time encryption
978,Aston Martin,30487.06,Reduced zero administration encoding
979,Volkswagen,76061.92,Synchronised human-resource protocol
980,Mitsubishi,21556.47,Profit-focused background workforce
981,Mercury,92847.0,Synergized exuding groupware
982,Dodge,6903.51,Sharable bandwidth-monitored circuit
983,Mazda,73640.18,Innovative non-volatile monitoring
984,Chevrolet,23504.59,Mandatory next generation contingency
985,Subaru,96663.86,Re-contextualized human-resource functionalities
986,Pontiac,36234.09,Programmable tangible pricing structure
987,Maybach,48361.0,Upgradable cohesive workforce
988,GMC,67947.11,Versatile context-sensitive archive
989,Cadillac,46035.51,Ergonomic optimizing parallelism
990,Land Rover,52733.03,Progressive actuating interface
991,Volkswagen,18786.27,Devolved context-sensitive throughput
992,Isuzu,21113.35,Cloned grid-enabled architecture
993,Volkswagen,96788.77,Monitored system-worthy support
994,Infiniti,57349.3,Realigned solution-oriented hierarchy
995,Honda,7861.63,Polarised well-modulated firmware
996,Subaru,48335.24,Monitored didactic function
997,Land Rover,89592.75,Digitized dynamic portal
998,Lincoln,21124.5,Horizontal real-time forecast
999,Ford,45866.93,Centralized incremental knowledge user
1000,Dodge,79234.92,Ergonomic transitional concept
